--
-- PostgreSQL database dump
--

SET statement_timeout = 0;
SET lock_timeout = 0;
SET client_encoding = 'UTF8';
SET standard_conforming_strings = on;
SET check_function_bodies = false;
SET client_min_messages = warning;

SET search_path = public, pg_catalog;

--
-- Data for Name: tb_cmp_company; Type: TABLE DATA; Schema: public; Owner: usr_gas
--

COPY tb_cmp_company (cmp_id, cmp_fancy, cmp_create_at) FROM stdin;
1	Vale Gás	2016-01-21 21:26:32.231466
2	Malu Gás	2016-01-21 21:26:46.310763
\.


--
-- Data for Name: tb_pay_payment; Type: TABLE DATA; Schema: public; Owner: usr_gas
--

COPY tb_pay_payment (pay_id, pay_name, pay_return) FROM stdin;
1	Dinheiro	t
2	Débito	f
\.


--
-- Data for Name: tb_cmp_pay_company_payment; Type: TABLE DATA; Schema: public; Owner: usr_gas
--

COPY tb_cmp_pay_company_payment (cmp_id, pay_id) FROM stdin;
1	1
1	2
2	1
\.


--
-- Data for Name: tb_usr_user; Type: TABLE DATA; Schema: public; Owner: usr_gas
--

COPY tb_usr_user (usr_id, usr_name, usr_create_at) FROM stdin;
1	Vinicius Vale	2016-01-21 21:26:16.852865
2	Carla Malu	2016-01-21 21:26:21.0797
\.


--
-- Data for Name: tb_bus_business; Type: TABLE DATA; Schema: public; Owner: usr_gas
--

COPY tb_bus_business (cmp_id, pay_id, usr_id, bus_id, bus_amount, bus_cancel, bus_create_at, bus_cancel_at) FROM stdin;
1	1	1	1	80.00	f	2016-01-21 21:32:06.114295	\N
2	1	2	2	65.00	f	2016-01-21 21:33:25.944383	\N
\.


--
-- Name: tb_bus_business_bus_id_seq; Type: SEQUENCE SET; Schema: public; Owner: usr_gas
--

SELECT pg_catalog.setval('tb_bus_business_bus_id_seq', 2, true);


--
-- Data for Name: tb_pro_product; Type: TABLE DATA; Schema: public; Owner: usr_gas
--

COPY tb_pro_product (pro_id, pro_name, pro_icon) FROM stdin;
1	Botijão de Gás	\N
2	Aguá Mineral	\N
\.


--
-- Data for Name: tb_cmp_pro_company_product; Type: TABLE DATA; Schema: public; Owner: usr_gas
--

COPY tb_cmp_pro_company_product (cmp_id, pro_id, cmp_pro_name, cmp_pro_price, cmp_pro_weight, cmp_pro_type_weight) FROM stdin;
1	1	\N	60.00	30	KG
1	2	Kantar	10.00	20	LT
2	1	\N	65.00	30	KG
\.


--
-- Data for Name: tb_dri_driver; Type: TABLE DATA; Schema: public; Owner: usr_gas
--

COPY tb_dri_driver (cmp_id, dri_id, dri_name) FROM stdin;
1	1	Luis
1	2	Arthur
2	3	Ligia
2	4	Emily
\.


--
-- Data for Name: tb_veh_vehicle; Type: TABLE DATA; Schema: public; Owner: usr_gas
--

COPY tb_veh_vehicle (cmp_id, veh_id) FROM stdin;
1	AAA1111
1	AAA2222
2	BBB1111
\.


--
-- Data for Name: tb_del_delivery; Type: TABLE DATA; Schema: public; Owner: usr_gas
--

COPY tb_del_delivery (cmp_id, pay_id, usr_id, bus_id, dri_id, veh_id, del_status, del_status_update_at) FROM stdin;
1	1	1	1	2	AAA1111	0	2016-01-21 21:39:10.013831
2	1	2	2	3	BBB1111	0	2016-01-21 21:40:17.691499
\.


--
-- Data for Name: tb_ord_order; Type: TABLE DATA; Schema: public; Owner: usr_gas
--

COPY tb_ord_order (cmp_id, pay_id, usr_id, bus_id, pro_id, ord_qtde, ord_price) FROM stdin;
1	1	1	1	1	1	60.00
1	1	1	1	2	2	20.00
2	1	2	2	1	1	65.00
\.


--
-- Name: tb_pay_payment_pay_id_seq; Type: SEQUENCE SET; Schema: public; Owner: usr_gas
--

SELECT pg_catalog.setval('tb_pay_payment_pay_id_seq', 2, true);


--
-- Name: tb_pro_product_pro_id_seq; Type: SEQUENCE SET; Schema: public; Owner: usr_gas
--

SELECT pg_catalog.setval('tb_pro_product_pro_id_seq', 2, true);


--
-- PostgreSQL database dump complete
--

